177,168,163,173,173,138,64,85,217,50,70,89,224,132,235,69,31,88,228,0,0,0,0,0,0,0,0,0
100,40,45,28,245,8,142,174,205,114,37,22,158,121,219,213,218,140,241,0,0,0,0,0,0,0,0,0
133,96,31,94,109,244,67,140,104,160,150,126,239,187,172,3,177,217,210,0,0,0,0,0,0,0,0,0
48,103,51,173,171,173,22,172,251,142,60,46,151,204,53,124,14,37,130,0,0,0,0,0,0,0,0,0
58,149,180,198,50,224,153,177,144,243,230,115,220,4,33,182,55,22,52,0,0,0,0,0,0,0,0,0
52,184,128,249,27,112,133,187,22,227,203,219,168,107,84,18,173,51,56,0,0,0,0,0,0,0,0,0
211,86,80,159,96,240,98,238,60,241,140,150,214,62,185,100,228,196,110,0,0,0,0,0,0,0,0,0
128,180,89,80,138,124,120,68,59,236,30,227,218,51,13,6,118,81,64,0,0,0,0,0,0,0,0,0
206,156,50,126,22,61,166,242,102,79,163,16,221,217,161,250,180,14,174,0,0,0,0,0,0,0,0,0
157,58,185,123,187,168,86,95,43,242,1,155,182,68,127,189,167,41,148,0,0,0,0,0,0,0,0,0
169,227,197,203,247,185,85,9,54,136,253,210,53,30,41,14,11,21,127,0,0,0,0,0,0,0,0,0
6,237,52,92,202,120,167,59,110,159,181,167,183,243,173,216,123,18,96,0,0,0,0,0,0,0,0,0
50,145,136,218,69,199,217,32,209,176,240,196,95,55,110,158,240,59,251,0,0,0,0,0,0,0,0,0
214,91,146,200,240,250,56,29,232,92,103,14,56,32,182,191,32,135,19,0,0,0,0,0,0,0,0,0
6,88,83,45,201,58,235,48,248,33,18,187,50,179,132,170,143,171,195,0,0,0,0,0,0,0,0,0
82,254,120,30,145,200,2,2,63,140,112,251,66,155,223,65,175,247,240,0,0,0,0,0,0,0,0,0
151,0,174,245,13,63,240,208,200,134,4,237,211,211,173,92,24,222,167,0,0,0,0,0,0,0,0,0
185,78,17,203,179,87,243,96,185,198,36,156,158,20,53,33,208,163,36,0,0,0,0,0,0,0,0,0
126,92,246,208,156,240,176,100,189,29,7,75,185,65,138,215,150,86,122,0,0,0,0,0,0,0,0,0
0,0,0,0,0,0,0,0,0,0,0,0,0,0,0,0,0,0,0,0,0,0,0,0,0,0,0,0
0,0,0,0,0,0,0,0,0,0,0,0,0,0,0,0,0,0,0,0,0,0,0,0,0,0,0,0
0,0,0,0,0,0,0,0,0,0,0,0,0,0,0,0,0,0,0,0,0,0,0,0,0,0,0,0
0,0,0,0,0,0,0,0,0,0,0,0,0,0,0,0,0,0,0,0,0,0,0,0,0,0,0,0
0,0,0,0,0,0,0,0,0,0,0,0,0,0,0,0,0,0,0,0,0,0,0,0,0,0,0,0
0,0,0,0,0,0,0,0,0,0,0,0,0,0,0,0,0,0,0,0,0,0,0,0,0,0,0,0
0,0,0,0,0,0,0,0,0,0,0,0,0,0,0,0,0,0,0,0,0,0,0,0,0,0,0,0
0,0,0,0,0,0,0,0,0,0,0,0,0,0,0,0,0,0,0,0,0,0,0,0,0,0,0,0
0,0,0,0,0,0,0,0,0,0,0,0,0,0,0,0,0,0,0,0,0,0,0,0,0,0,0,0
